第幾天,時間 (當日),絕對時間,出發地,目的地,出發地緯度,出發地經度,目的地緯度,目的地經度,事件,電量 (%),用時 (分),累積目標數
1,0.0 分,2025-12-01 09:00:00,广州 W 酒店,广州 W 酒店,23.121988,113.328508,23.121988,113.328508,Day 1 Start,10.00,0.0,0
1,2.9 分,2025-12-01 09:02:54,广州 W 酒店,特斯拉超级充电站(广州君茂广场),23.121988,113.328508,23.120171,113.328379,Arrive 特斯拉超级充电站(广州君茂广场),10.00,2.9,0
1,29.2 分,2025-12-01 09:29:12,特斯拉超级充电站(广州君茂广场),完成測試 @ 特斯拉超级充电站(广州君茂广场),23.120171,113.328379,23.120171,113.328379,Test Complete,15.00,26.2,1
1,32.9 分,2025-12-01 09:32:54,特斯拉超级充电站(广州君茂广场),广州城投（花城广场南区）充电站,23.120171,113.328379,23.118462,113.324611,Arrive 广州城投（花城广场南区）充电站,14.94,3.7,1
1,59.1 分,2025-12-01 09:59:06,广州城投（花城广场南区）充电站,完成測試 @ 广州城投（花城广场南区）充电站,23.118462,113.324611,23.118462,113.324611,Test Complete,19.94,26.2,2
1,61.7 分,2025-12-01 10:01:42,广州城投（花城广场南区）充电站,小鹏汽车充电站(小鹏超充广州国际金融中心IFC站),23.118462,113.324611,23.118308,113.32271,Arrive 小鹏汽车充电站(小鹏超充广州国际金融中心IFC站),19.91,2.5,2
1,87.9 分,2025-12-01 10:27:54,小鹏汽车充电站(小鹏超充广州国际金融中心IFC站),完成測試 @ 小鹏汽车充电站(小鹏超充广州国际金融中心IFC站),23.118308,113.32271,23.118308,113.32271,Test Complete,24.91,26.2,3
1,92.1 分,2025-12-01 10:32:06,小鹏汽车充电站(小鹏超充广州国际金融中心IFC站),理想汽车超级充电站(理想5C超充站广州三银大厦),23.118308,113.32271,23.1153,113.31922,Arrive 理想汽车超级充电站(理想5C超充站广州三银大厦),24.87,4.2,3
1,118.4 分,2025-12-01 10:58:24,理想汽车超级充电站(理想5C超充站广州三银大厦),完成測試 @ 理想汽车超级充电站(理想5C超充站广州三银大厦),23.1153,113.31922,23.1153,113.31922,Test Complete,29.87,26.2,4
1,128.5 分,2025-12-01 11:08:30,理想汽车超级充电站(理想5C超充站广州三银大厦),小朗充电-广州市妇女儿童医疗中心充电站,23.1153,113.31922,23.124706,113.319652,Arrive 小朗充电-广州市妇女儿童医疗中心充电站,29.76,10.1,4
1,154.8 分,2025-12-01 11:34:48,小朗充电-广州市妇女儿童医疗中心充电站,完成測試 @ 小朗充电-广州市妇女儿童医疗中心充电站,23.124706,113.319652,23.124706,113.319652,Test Complete,34.76,26.2,5
1,165.3 分,2025-12-01 11:45:18,小朗充电-广州市妇女儿童医疗中心充电站,广州城投（花城广场南区）充电站,23.124706,113.319652,23.118462,113.324611,Arrive 广州城投（花城广场南区）充电站,34.63,10.6,5
1,191.6 分,2025-12-01 12:11:36,广州城投（花城广场南区）充电站,完成測試 @ 广州城投（花城广场南区）充电站,23.118462,113.324611,23.118462,113.324611,Test Complete,39.63,26.2,6
1,191.6 分,2025-12-01 12:11:36,广州城投（花城广场南区）充电站,微电快桩・广州城投（花城广场南区）充电站,23.118462,113.324611,23.118462,113.324611,Arrive 微电快桩・广州城投（花城广场南区）充电站,39.63,0.0,6
1,217.9 分,2025-12-01 12:37:54,微电快桩・广州城投（花城广场南区）充电站,完成測試 @ 微电快桩・广州城投（花城广场南区）充电站,23.118462,113.324611,23.118462,113.324611,Test Complete,44.63,26.2,7
1,230.0 分,2025-12-01 12:50:00,微电快桩・广州城投（花城广场南区）充电站,广汽能源汽车充电站(广汽昊铂广州珠江公园超充站),23.118462,113.324611,23.118364,113.33834,Arrive 广汽能源汽车充电站(广汽昊铂广州珠江公园超充站),44.46,12.2,7
1,256.3 分,2025-12-01 13:16:18,广汽能源汽车充电站(广汽昊铂广州珠江公园超充站),完成測試 @ 广汽能源汽车充电站(广汽昊铂广州珠江公园超充站),23.118364,113.33834,23.118364,113.33834,Test Complete,49.46,26.2,8
1,264.0 分,2025-12-01 13:24:00,广汽能源汽车充电站(广汽昊铂广州珠江公园超充站),蔚来能源目的地充电站(内部使用广州天銮广场),23.118364,113.33834,23.114466,113.32998,Arrive 蔚来能源目的地充电站(内部使用广州天銮广场),49.35,7.8,8
1,290.3 分,2025-12-01 13:50:18,蔚来能源目的地充电站(内部使用广州天銮广场),完成測試 @ 蔚来能源目的地充电站(内部使用广州天銮广场),23.114466,113.32998,23.114466,113.32998,Test Complete,54.35,26.2,9
1,335.8 分,2025-12-01 14:35:48,蔚来能源目的地充电站(内部使用广州天銮广场),维杰斯通充电站-慢充,23.114466,113.32998,23.381361,113.504128,Arrive 维杰斯通充电站-慢充,52.02,45.5,9
1,362.0 分,2025-12-01 15:02:00,维杰斯通充电站-慢充,完成測試 @ 维杰斯通充电站-慢充,23.381361,113.504128,23.381361,113.504128,Test Complete,57.02,26.2,10
1,441.6 分,2025-12-01 16:21:36,维杰斯通充电站-慢充,万城万充汽车充电站(佛山比亚迪充电站),23.381361,113.504128,23.08469,113.1561,Arrive 万城万充汽车充电站(佛山比亚迪充电站),53.39,79.6,10
1,467.8 分,2025-12-01 16:47:48,万城万充汽车充电站(佛山比亚迪充电站),完成測試 @ 万城万充汽车充电站(佛山比亚迪充电站),23.08469,113.1561,23.08469,113.1561,Test Complete,58.39,26.2,11
1,529.5 分,2025-12-01 17:49:30,万城万充汽车充电站(佛山比亚迪充电站),广州 W 酒店,23.08469,113.1561,23.121988,113.328508,Day 1 End,57.28,61.6,11
2,0.0 分,2025-12-02 09:00:00,广州 W 酒店,广州 W 酒店,23.121988,113.328508,23.121988,113.328508,Day 2 Start (Overnight Discharge),12.28,0.0,11
2,9.3 分,2025-12-02 09:09:18,广州 W 酒店,天河平云路智慧超充站,23.121988,113.328508,23.122527,113.351599,Arrive 天河平云路智慧超充站,12.12,9.3,11
2,35.6 分,2025-12-02 09:35:36,天河平云路智慧超充站,完成測試 @ 天河平云路智慧超充站,23.122527,113.351599,23.122527,113.351599,Test Complete,17.12,26.2,12
2,46.2 分,2025-12-02 09:46:12,天河平云路智慧超充站,广汽能源广州星河湾中心目的地站,23.122527,113.351599,23.100631,113.346631,Arrive 广汽能源广州星河湾中心目的地站,16.88,10.6,12
2,72.5 分,2025-12-02 10:12:30,广汽能源广州星河湾中心目的地站,完成測試 @ 广汽能源广州星河湾中心目的地站,23.100631,113.346631,23.100631,113.346631,Test Complete,21.88,26.2,13
2,85.1 分,2025-12-02 10:25:06,广汽能源广州星河湾中心目的地站,微电快桩・广州城投（广州塔）充电站,23.100631,113.346631,23.105835,113.325645,Arrive 微电快桩・广州城投（广州塔）充电站,21.70,12.6,13
2,111.3 分,2025-12-02 10:51:18,微电快桩・广州城投（广州塔）充电站,完成測試 @ 微电快桩・广州城投（广州塔）充电站,23.105835,113.325645,23.105835,113.325645,Test Complete,26.70,26.2,14
2,114.7 分,2025-12-02 10:54:42,微电快桩・广州城投（广州塔）充电站,车电网广州海珠广州塔充电站,23.105835,113.325645,23.106295,113.328312,Arrive 车电网广州海珠广州塔充电站,26.67,3.4,14
2,141.0 分,2025-12-02 11:21:00,车电网广州海珠广州塔充电站,完成測試 @ 车电网广州海珠广州塔充电站,23.106295,113.328312,23.106295,113.328312,Test Complete,31.67,26.2,15
2,153.2 分,2025-12-02 11:33:12,车电网广州海珠广州塔充电站,滨江海天花苑停车场电动汽车充电站,23.106295,113.328312,23.101023,113.313664,Arrive 滨江海天花苑停车场电动汽车充电站,31.48,12.2,15
2,179.4 分,2025-12-02 11:59:24,滨江海天花苑停车场电动汽车充电站,完成測試 @ 滨江海天花苑停车场电动汽车充电站,23.101023,113.313664,23.101023,113.313664,Test Complete,36.48,26.2,16
2,186.3 分,2025-12-02 12:06:18,滨江海天花苑停车场电动汽车充电站,合生广场（北区）充电站,23.101023,113.313664,23.085946,113.314009,Arrive 合生广场（北区）充电站,36.37,6.8,16
2,212.5 分,2025-12-02 12:32:30,合生广场（北区）充电站,完成測試 @ 合生广场（北区）充电站,23.085946,113.314009,23.085946,113.314009,Test Complete,41.37,26.2,17
2,227.2 分,2025-12-02 12:47:12,合生广场（北区）充电站,天河汇商业广场,23.085946,113.314009,23.139794,113.316792,Arrive 天河汇商业广场,40.98,14.7,17
2,253.5 分,2025-12-02 13:13:30,天河汇商业广场,完成測試 @ 天河汇商业广场,23.139794,113.316792,23.139794,113.316792,Test Complete,45.98,26.2,18
2,263.0 分,2025-12-02 13:23:00,天河汇商业广场,特瓦特帝都大厦（广州）超充站,23.139794,113.316792,23.148485,113.325872,Arrive 特瓦特帝都大厦（广州）超充站,45.89,9.5,18
2,289.2 分,2025-12-02 13:49:12,特瓦特帝都大厦（广州）超充站,完成測試 @ 特瓦特帝都大厦（广州）超充站,23.148485,113.325872,23.148485,113.325872,Test Complete,50.89,26.2,19
2,300.3 分,2025-12-02 14:00:18,特瓦特帝都大厦（广州）超充站,星星充电-耀中广场充电站,23.148485,113.325872,23.142674,113.323249,Arrive 星星充电-耀中广场充电站,50.79,11.1,19
2,326.6 分,2025-12-02 14:26:36,星星充电-耀中广场充电站,完成測試 @ 星星充电-耀中广场充电站,23.142674,113.323249,23.142674,113.323249,Test Complete,55.79,26.2,20
2,335.1 分,2025-12-02 14:35:06,星星充电-耀中广场充电站,车电网广州天河中汇广场充电站,23.142674,113.323249,23.148626,113.323371,Arrive 车电网广州天河中汇广场充电站,55.72,8.5,20
2,361.3 分,2025-12-02 15:01:18,车电网广州天河中汇广场充电站,完成測試 @ 车电网广州天河中汇广场充电站,23.148626,113.323371,23.148626,113.323371,Test Complete,60.72,26.2,21
2,408.3 分,2025-12-02 15:48:18,车电网广州天河中汇广场充电站,广州长大展示中心极充站,23.148626,113.323371,23.370829,113.238974,Arrive 广州长大展示中心极充站,58.84,46.9,21
2,434.5 分,2025-12-02 16:14:30,广州长大展示中心极充站,完成測試 @ 广州长大展示中心极充站,23.370829,113.238974,23.370829,113.238974,Test Complete,63.84,26.2,22
2,458.0 分,2025-12-02 16:38:00,广州长大展示中心极充站,广汽能源广州白云泓泰广场超充站,23.370829,113.238974,23.245222,113.256489,Arrive 广汽能源广州白云泓泰广场超充站,63.06,23.5,22
2,522.7 分,2025-12-02 17:42:42,广汽能源广州白云泓泰广场超充站,广州 W 酒店,23.245222,113.256489,23.121988,113.328508,Day 2 End,61.85,64.7,22
3,0.0 分,2025-12-03 09:00:00,广州 W 酒店,广州 W 酒店,23.121988,113.328508,23.121988,113.328508,Day 3 Start (Overnight Discharge),16.85,0.0,22
3,16.4 分,2025-12-03 09:16:24,广州 W 酒店,名雅苑,23.121988,113.328508,23.136472,113.330621,Arrive 名雅苑,16.65,16.4,22
3,42.7 分,2025-12-03 09:42:42,名雅苑,完成測試 @ 名雅苑,23.136472,113.330621,23.136472,113.330621,Test Complete,21.65,26.2,23
3,57.1 分,2025-12-03 09:57:06,名雅苑,小鹏汽车充电站(小鹏超充广州友谊商场站),23.136472,113.330621,23.137399,113.287,Arrive 小鹏汽车充电站(小鹏超充广州友谊商场站),21.38,14.4,23
3,83.3 分,2025-12-03 10:23:18,小鹏汽车充电站(小鹏超充广州友谊商场站),完成測試 @ 小鹏汽车充电站(小鹏超充广州友谊商场站),23.137399,113.287,23.137399,113.287,Test Complete,26.38,26.2,24
3,97.1 分,2025-12-03 10:37:06,小鹏汽车充电站(小鹏超充广州友谊商场站),工厂站,23.137399,113.287,23.167828,113.293818,Arrive 工厂站,26.19,13.7,24
3,123.3 分,2025-12-03 11:03:18,工厂站,完成測試 @ 工厂站,23.167828,113.293818,23.167828,113.293818,Test Complete,31.19,26.2,25
3,143.3 分,2025-12-03 11:23:18,工厂站,港口中心,23.167828,113.293818,23.115726,113.285416,Arrive 港口中心,30.72,20.0,25
3,169.5 分,2025-12-03 11:49:30,港口中心,完成測試 @ 港口中心,23.115726,113.285416,23.115726,113.285416,Test Complete,35.72,26.2,26
3,198.6 分,2025-12-03 12:18:36,港口中心,周门充电站,23.115726,113.285416,23.131113,113.240758,Arrive 周门充电站,35.38,29.0,26
3,224.8 分,2025-12-03 12:44:48,周门充电站,完成測試 @ 周门充电站,23.131113,113.240758,23.131113,113.240758,Test Complete,40.38,26.2,27
3,245.4 分,2025-12-03 13:05:24,周门充电站,华盈国际大厦充电桩,23.131113,113.240758,23.156103,113.226333,Arrive 华盈国际大厦充电桩,40.07,20.5,27
3,271.6 分,2025-12-03 13:31:36,华盈国际大厦充电桩,完成測試 @ 华盈国际大厦充电桩,23.156103,113.226333,23.156103,113.226333,Test Complete,45.07,26.2,28
3,280.9 分,2025-12-03 13:40:54,华盈国际大厦充电桩,延长壳牌广州上步地面快充站,23.156103,113.226333,23.172014,113.234484,Arrive 延长壳牌广州上步地面快充站,44.94,9.3,28
3,307.2 分,2025-12-03 14:07:12,延长壳牌广州上步地面快充站,完成測試 @ 延长壳牌广州上步地面快充站,23.172014,113.234484,23.172014,113.234484,Test Complete,49.94,26.2,29
3,328.2 分,2025-12-03 14:28:12,延长壳牌广州上步地面快充站,羊充大金钟路600KW超充站,23.172014,113.234484,23.1685,113.275,Arrive 羊充大金钟路600KW超充站,49.56,21.0,29
3,354.4 分,2025-12-03 14:54:24,羊充大金钟路600KW超充站,完成測試 @ 羊充大金钟路600KW超充站,23.1685,113.275,23.1685,113.275,Test Complete,54.56,26.2,30
3,412.6 分,2025-12-03 15:52:36,羊充大金钟路600KW超充站,恒然创意园A座,23.1685,113.275,22.974877,113.386941,Arrive 恒然创意园A座,52.85,58.2,30
3,438.9 分,2025-12-03 16:18:54,恒然创意园A座,完成測試 @ 恒然创意园A座,22.974877,113.386941,22.974877,113.386941,Test Complete,57.85,26.2,31
3,459.7 分,2025-12-03 16:39:42,恒然创意园A座,番禺誉山智创园南门充电站,22.974877,113.386941,23.006337,113.381537,Arrive 番禺誉山智创园南门充电站,57.60,20.8,31
3,507.6 分,2025-12-03 17:27:36,番禺誉山智创园南门充电站,广州 W 酒店,23.006337,113.381537,23.121988,113.328508,Day 3 End,56.56,48.0,31
4,0.0 分,2025-12-04 09:00:00,广州 W 酒店,广州 W 酒店,23.121988,113.328508,23.121988,113.328508,Day 4 Start (Overnight Discharge),11.56,0.0,31
4,16.3 分,2025-12-04 09:16:18,广州 W 酒店,冠伟大厦充电站,23.121988,113.328508,23.121171,113.381999,Arrive 冠伟大厦充电站,11.21,16.3,31
4,42.6 分,2025-12-04 09:42:36,冠伟大厦充电站,完成測試 @ 冠伟大厦充电站,23.121171,113.381999,23.121171,113.381999,Test Complete,16.21,26.2,32
4,49.2 分,2025-12-04 09:49:12,冠伟大厦充电站,东宏国际广场充电站交流区,23.121171,113.381999,23.120184,113.390117,Arrive 东宏国际广场充电站交流区,16.11,6.6,32
4,75.4 分,2025-12-04 10:15:24,东宏国际广场充电站交流区,完成測試 @ 东宏国际广场充电站交流区,23.120184,113.390117,23.120184,113.390117,Test Complete,21.11,26.2,33
4,85.1 分,2025-12-04 10:25:06,东宏国际广场充电站交流区,海珠区保利叁悦A塔充电站,23.120184,113.390117,23.10183,113.38545,Arrive 海珠区保利叁悦A塔充电站,20.94,9.7,33
4,111.4 分,2025-12-04 10:51:24,海珠区保利叁悦A塔充电站,完成測試 @ 海珠区保利叁悦A塔充电站,23.10183,113.38545,23.10183,113.38545,Test Complete,25.94,26.2,34
4,116.2 分,2025-12-04 10:56:12,海珠区保利叁悦A塔充电站,特来电保利发展广场充电站,23.10183,113.38545,23.104042,113.385806,Arrive 特来电保利发展广场充电站,25.88,4.8,34
4,142.4 分,2025-12-04 11:22:24,特来电保利发展广场充电站,完成測試 @ 特来电保利发展广场充电站,23.104042,113.385806,23.104042,113.385806,Test Complete,30.88,26.2,35
4,149.8 分,2025-12-04 11:29:48,特来电保利发展广场充电站,广州供电局光储充检放一体化智能超充站,23.104042,113.385806,23.101186,113.371605,Arrive 广州供电局光储充检放一体化智能超充站,30.75,7.4,35
4,176.1 分,2025-12-04 11:56:06,广州供电局光储充检放一体化智能超充站,完成測試 @ 广州供电局光储充检放一体化智能超充站,23.101186,113.371605,23.101186,113.371605,Test Complete,35.75,26.2,36
4,184.7 分,2025-12-04 12:04:42,广州供电局光储充检放一体化智能超充站,新滘南充电站,23.101186,113.371605,23.081322,113.353213,Arrive 新滘南充电站,35.54,8.6,36
4,211.0 分,2025-12-04 12:31:00,新滘南充电站,完成測試 @ 新滘南充电站,23.081322,113.353213,23.081322,113.353213,Test Complete,40.54,26.2,37
4,220.4 分,2025-12-04 12:40:24,新滘南充电站,新滘中路华洲街充电站,23.081322,113.353213,23.07965,113.346951,Arrive 新滘中路华洲街充电站,40.34,9.4,37
4,246.6 分,2025-12-04 13:06:36,新滘中路华洲街充电站,完成測試 @ 新滘中路华洲街充电站,23.07965,113.346951,23.07965,113.346951,Test Complete,45.34,26.2,38
4,254.4 分,2025-12-04 13:14:24,新滘中路华洲街充电站,海珠仑头站,23.07965,113.346951,23.079866,113.368393,Arrive 海珠仑头站,45.19,7.8,38
4,280.7 分,2025-12-04 13:40:42,海珠仑头站,完成測試 @ 海珠仑头站,23.079866,113.368393,23.079866,113.368393,Test Complete,50.19,26.2,39
4,295.3 分,2025-12-04 13:55:18,海珠仑头站,延长壳牌广州迎海地面快充站,23.079866,113.368393,23.120606,113.406254,Arrive 延长壳牌广州迎海地面快充站,49.76,14.6,39
4,321.6 分,2025-12-04 14:21:36,延长壳牌广州迎海地面快充站,完成測試 @ 延长壳牌广州迎海地面快充站,23.120606,113.406254,23.120606,113.406254,Test Complete,54.76,26.2,40
4,367.9 分,2025-12-04 15:07:54,延长壳牌广州迎海地面快充站,广州长大展示中心轻充站,23.120606,113.406254,23.370911,113.238866,Arrive 广州长大展示中心轻充站,52.41,46.3,40
4,394.1 分,2025-12-04 15:34:06,广州长大展示中心轻充站,完成測試 @ 广州长大展示中心轻充站,23.370911,113.238866,23.370911,113.238866,Test Complete,57.41,26.2,41
4,456.2 分,2025-12-04 16:36:12,广州长大展示中心轻充站,天光地合新水坑充电站,23.370911,113.238866,22.97861,113.392209,Arrive 天光地合新水坑充电站,53.94,62.0,41
4,516.4 分,2025-12-04 17:36:24,天光地合新水坑充电站,广州 W 酒店,22.97861,113.392209,23.121988,113.328508,Day 4 End,52.64,60.3,41
5,0.0 分,2025-12-05 09:00:00,广州 W 酒店,广州 W 酒店,23.121988,113.328508,23.121988,113.328508,Day 5 Start (Overnight Discharge),11.10,0.0,41
5,23.9 分,2025-12-05 09:23:54,广州 W 酒店,新百佳充电站,23.121988,113.328508,23.180163,113.33519,Arrive 新百佳充电站,10.66,23.9,41
5,50.2 分,2025-12-05 09:50:12,新百佳充电站,完成測試 @ 新百佳充电站,23.180163,113.33519,23.180163,113.33519,Test Complete,15.66,26.2,42
5,53.5 分,2025-12-05 09:53:30,新百佳充电站,冠通纺织服装市场充电站,23.180163,113.33519,23.181197,113.336488,Arrive 冠通纺织服装市场充电站,15.63,3.3,42
5,79.7 分,2025-12-05 10:19:42,冠通纺织服装市场充电站,完成測試 @ 冠通纺织服装市场充电站,23.181197,113.336488,23.181197,113.336488,Test Complete,20.63,26.2,43
5,97.6 分,2025-12-05 10:37:36,冠通纺织服装市场充电站,黑牛新经济产业园二期,23.181197,113.336488,23.179304,113.358021,Arrive 黑牛新经济产业园二期,20.28,17.9,43
5,123.9 分,2025-12-05 11:03:54,黑牛新经济产业园二期,完成測試 @ 黑牛新经济产业园二期,23.179304,113.358021,23.179304,113.358021,Test Complete,25.28,26.2,44
5,140.0 分,2025-12-05 11:20:00,黑牛新经济产业园二期,广州市万科广场充电站,23.179304,113.358021,23.167213,113.4062,Arrive 广州市万科广场充电站,24.93,16.1,44
5,166.2 分,2025-12-05 11:46:12,广州市万科广场充电站,完成測試 @ 广州市万科广场充电站,23.167213,113.4062,23.167213,113.4062,Test Complete,29.93,26.2,45
5,169.3 分,2025-12-05 11:49:18,广州市万科广场充电站,广州天河佳都智慧大厦充电站,23.167213,113.4062,23.164779,113.405528,Arrive 广州天河佳都智慧大厦充电站,29.89,3.0,45
5,195.5 分,2025-12-05 12:15:30,广州天河佳都智慧大厦充电站,完成測試 @ 广州天河佳都智慧大厦充电站,23.164779,113.405528,23.164779,113.405528,Test Complete,34.89,26.2,46
5,202.5 分,2025-12-05 12:22:30,广州天河佳都智慧大厦充电站,广州发展瑞士酒店充电站,23.164779,113.405528,23.167966,113.411843,Arrive 广州发展瑞士酒店充电站,34.83,7.0,46
5,228.7 分,2025-12-05 12:48:42,广州发展瑞士酒店充电站,完成測試 @ 广州发展瑞士酒店充电站,23.167966,113.411843,23.167966,113.411843,Test Complete,39.83,26.2,47
5,248.4 分,2025-12-05 13:08:24,广州发展瑞士酒店充电站,延长壳牌广州富力天寓地下慢充站,23.167966,113.411843,23.139788,113.387885,Arrive 延长壳牌广州富力天寓地下慢充站,39.54,19.7,47
5,274.7 分,2025-12-05 13:34:42,延长壳牌广州富力天寓地下慢充站,完成測試 @ 延长壳牌广州富力天寓地下慢充站,23.139788,113.387885,23.139788,113.387885,Test Complete,44.54,26.2,48
5,294.9 分,2025-12-05 13:54:54,延长壳牌广州富力天寓地下慢充站,美林M.LIVE天地西座-慢充,23.139788,113.387885,23.106895,113.414032,Arrive 美林M.LIVE天地西座-慢充,44.13,20.2,48
5,321.2 分,2025-12-05 14:21:12,美林M.LIVE天地西座-慢充,完成測試 @ 美林M.LIVE天地西座-慢充,23.106895,113.414032,23.106895,113.414032,Test Complete,49.13,26.2,49
5,335.5 分,2025-12-05 14:35:30,美林M.LIVE天地西座-慢充,文船东(双沙),23.106895,113.414032,23.087782,113.482573,Arrive 文船东(双沙),48.72,14.4,49
5,361.8 分,2025-12-05 15:01:48,文船东(双沙),完成測試 @ 文船东(双沙),23.087782,113.482573,23.087782,113.482573,Test Complete,53.72,26.2,50
5,413.0 分,2025-12-05 15:53:00,文船东(双沙),南岭工业园站,23.087782,113.482573,23.270575,113.305052,Arrive 南岭工业园站,51.59,51.2,50
5,439.2 分,2025-12-05 16:19:12,南岭工业园站,完成測試 @ 南岭工业园站,23.270575,113.305052,23.270575,113.305052,Test Complete,56.59,26.2,51
5,455.6 分,2025-12-05 16:35:36,南岭工业园站,广州秀水服务站,23.270575,113.305052,23.308606,113.303299,Arrive 广州秀水服务站,56.30,16.4,51
5,513.7 分,2025-12-05 17:33:42,广州秀水服务站,广州 W 酒店,23.308606,113.303299,23.121988,113.328508,Day 5 End,54.81,58.1,51
6,0.0 分,2025-12-06 09:00:00,广州 W 酒店,广州 W 酒店,23.121988,113.328508,23.121988,113.328508,Day 6 Start (Overnight Discharge),11.10,0.0,51
6,17.8 分,2025-12-06 09:17:48,广州 W 酒店,建和发展,23.121988,113.328508,23.055959,113.32686,Arrive 建和发展,10.63,17.8,51
6,44.1 分,2025-12-06 09:44:06,建和发展,完成測試 @ 建和发展,23.055959,113.32686,23.055959,113.32686,Test Complete,15.63,26.2,52
6,56.0 分,2025-12-06 09:56:00,建和发展,广州城投（南洲路）充电站,23.055959,113.32686,23.064053,113.303231,Arrive 广州城投（南洲路）充电站,15.42,11.9,52
6,82.2 分,2025-12-06 10:22:12,广州城投（南洲路）充电站,完成測試 @ 广州城投（南洲路）充电站,23.064053,113.303231,23.064053,113.303231,Test Complete,20.42,26.2,53
6,82.2 分,2025-12-06 10:22:12,广州城投（南洲路）充电站,微电快桩・广州城投（南洲路）充电站,23.064053,113.303231,23.064053,113.303231,Arrive 微电快桩・广州城投（南洲路）充电站,20.42,0.0,53
6,108.5 分,2025-12-06 10:48:30,微电快桩・广州城投（南洲路）充电站,完成測試 @ 微电快桩・广州城投（南洲路）充电站,23.064053,113.303231,23.064053,113.303231,Test Complete,25.42,26.2,54
6,131.6 分,2025-12-06 11:11:36,微电快桩・广州城投（南洲路）充电站,荔湾东沙站,23.064053,113.303231,23.064483,113.259985,Arrive 荔湾东沙站,24.99,23.1,54
6,157.8 分,2025-12-06 11:37:48,荔湾东沙站,完成測試 @ 荔湾东沙站,23.064483,113.259985,23.064483,113.259985,Test Complete,29.99,26.2,55
6,182.3 分,2025-12-06 12:02:18,荔湾东沙站,芳村菊树交流充电站,23.064483,113.259985,23.063738,113.211877,Arrive 芳村菊树交流充电站,29.63,24.5,55
6,208.5 分,2025-12-06 12:28:30,芳村菊树交流充电站,完成測試 @ 芳村菊树交流充电站,23.063738,113.211877,23.063738,113.211877,Test Complete,34.63,26.2,56
6,248.9 分,2025-12-06 13:08:54,芳村菊树交流充电站,广州城投（金沙汇）充电站,23.063738,113.211877,23.158473,113.205879,Arrive 广州城投（金沙汇）充电站,33.88,40.4,56
6,275.2 分,2025-12-06 13:35:12,广州城投（金沙汇）充电站,完成測試 @ 广州城投（金沙汇）充电站,23.158473,113.205879,23.158473,113.205879,Test Complete,38.88,26.2,57
6,284.9 分,2025-12-06 13:44:54,广州城投（金沙汇）充电站,浔峰岗停车场,23.158473,113.205879,23.16,113.2,Arrive 浔峰岗停车场,38.76,9.7,57
6,311.1 分,2025-12-06 14:11:06,浔峰岗停车场,完成測試 @ 浔峰岗停车场,23.16,113.2,23.16,113.2,Test Complete,43.76,26.2,58
6,336.2 分,2025-12-06 14:36:12,浔峰岗停车场,白云国际会议中心东区,23.16,113.2,23.188843,113.281492,Arrive 白云国际会议中心东区,43.11,25.1,58
6,362.5 分,2025-12-06 15:02:30,白云国际会议中心东区,完成測試 @ 白云国际会议中心东区,23.188843,113.281492,23.188843,113.281492,Test Complete,48.11,26.2,59
6,381.5 分,2025-12-06 15:21:30,白云国际会议中心东区,金国广场充电站二期,23.188843,113.281492,23.204483,113.254086,Arrive 金国广场充电站二期,47.71,19.0,59
6,407.7 分,2025-12-06 15:47:42,金国广场充电站二期,完成測試 @ 金国广场充电站二期,23.204483,113.254086,23.204483,113.254086,Test Complete,52.71,26.2,60
6,456.0 分,2025-12-06 16:36:00,金国广场充电站二期,鹏辉番禺云食城产业园二期充电站,23.204483,113.254086,23.048746,113.441444,Arrive 鹏辉番禺云食城产业园二期充电站,50.65,48.3,60
6,513.4 分,2025-12-06 17:33:24,鹏辉番禺云食城产业园二期充电站,广州 W 酒店,23.048746,113.441444,23.121988,113.328508,Day 6 End,49.55,57.4,60
7,0.0 分,2025-12-07 09:00:00,广州 W 酒店,广州 W 酒店,23.121988,113.328508,23.121988,113.328508,Day 7 Start (Overnight Discharge),11.10,0.0,60
7,31.7 分,2025-12-07 09:31:42,广州 W 酒店,优托邦科学城站,23.121988,113.328508,23.169859,113.451373,Arrive 优托邦科学城站,10.15,31.7,60
7,58.0 分,2025-12-07 09:58:00,优托邦科学城站,完成測試 @ 优托邦科学城站,23.169859,113.451373,23.169859,113.451373,Test Complete,15.15,26.2,61
7,75.9 分,2025-12-07 10:15:54,优托邦科学城站,广州宝升行汽车销售服务有限公司,23.169859,113.451373,23.156621,113.486592,Arrive 广州宝升行汽车销售服务有限公司,14.88,17.9,61
7,102.1 分,2025-12-07 10:42:06,广州宝升行汽车销售服务有限公司,完成測試 @ 广州宝升行汽车销售服务有限公司,23.156621,113.486592,23.156621,113.486592,Test Complete,19.88,26.2,62
7,117.7 分,2025-12-07 10:57:42,广州宝升行汽车销售服务有限公司,广州城投（萝岗和苑）充电站,23.156621,113.486592,23.189969,113.479162,Arrive 广州城投（萝岗和苑）充电站,19.61,15.5,62
7,143.9 分,2025-12-07 11:23:54,广州城投（萝岗和苑）充电站,完成測試 @ 广州城投（萝岗和苑）充电站,23.189969,113.479162,23.189969,113.479162,Test Complete,24.61,26.2,63
7,167.0 分,2025-12-07 11:47:00,广州城投（萝岗和苑）充电站,南村广场,23.189969,113.479162,23.135313,113.531837,Arrive 南村广场,24.09,23.1,63
7,193.3 分,2025-12-07 12:13:18,南村广场,完成測試 @ 南村广场,23.135313,113.531837,23.135313,113.531837,Test Complete,29.09,26.2,64
7,203.0 分,2025-12-07 12:23:00,南村广场,充电有道黄埔时代城快充站,23.135313,113.531837,23.11291,113.54303,Arrive 充电有道黄埔时代城快充站,28.93,9.7,64
7,229.2 分,2025-12-07 12:49:12,充电有道黄埔时代城快充站,完成測試 @ 充电有道黄埔时代城快充站,23.11291,113.54303,23.11291,113.54303,Test Complete,33.93,26.2,65
7,261.1 分,2025-12-07 13:21:06,充电有道黄埔时代城快充站,鹏辉番禺云食城产业园交流充电站,23.11291,113.54303,23.048725,113.4416,Arrive 鹏辉番禺云食城产业园交流充电站,32.72,31.8,65
7,287.3 分,2025-12-07 13:47:18,鹏辉番禺云食城产业园交流充电站,完成測試 @ 鹏辉番禺云食城产业园交流充电站,23.048725,113.4416,23.048725,113.4416,Test Complete,37.72,26.2,66
7,287.3 分,2025-12-07 13:47:18,鹏辉番禺云食城产业园交流充电站,鹏辉番禺云食城产业园二期充电站,23.048725,113.4416,23.048746,113.441444,Arrive 鹏辉番禺云食城产业园二期充电站,37.72,0.0,66
7,313.6 分,2025-12-07 14:13:36,鹏辉番禺云食城产业园二期充电站,完成測試 @ 鹏辉番禺云食城产业园二期充电站,23.048746,113.441444,23.048746,113.441444,Test Complete,42.72,26.2,67
7,329.4 分,2025-12-07 14:29:24,鹏辉番禺云食城产业园二期充电站,番禺誉山智创园南门充电站,23.048746,113.441444,23.006337,113.381537,Arrive 番禺誉山智创园南门充电站,42.29,15.8,67
7,355.7 分,2025-12-07 14:55:42,番禺誉山智创园南门充电站,完成測試 @ 番禺誉山智创园南门充电站,23.006337,113.381537,23.006337,113.381537,Test Complete,47.29,26.2,68
7,377.2 分,2025-12-07 15:17:12,番禺誉山智创园南门充电站,天光地合新水坑充电站,23.006337,113.381537,22.97861,113.392209,Arrive 天光地合新水坑充电站,47.05,21.5,68
7,403.4 分,2025-12-07 15:43:24,天光地合新水坑充电站,完成測試 @ 天光地合新水坑充电站,22.97861,113.392209,22.97861,113.392209,Test Complete,52.05,26.2,69
7,458.3 分,2025-12-07 16:38:18,天光地合新水坑充电站,广汽能源广州白云泓泰广场超充站,22.97861,113.392209,23.245222,113.256489,Arrive 广汽能源广州白云泓泰广场超充站,49.78,54.9,69
7,522.7 分,2025-12-07 17:42:42,广汽能源广州白云泓泰广场超充站,广州 W 酒店,23.245222,113.256489,23.121988,113.328508,Day 7 End,48.56,64.4,69
8,0.0 分,2025-12-08 09:00:00,广州 W 酒店,广州 W 酒店,23.121988,113.328508,23.121988,113.328508,Day 8 Start (Overnight Discharge),11.05,0.0,69
8,27.6 分,2025-12-08 09:27:36,广州 W 酒店,华胜木制品厂充电站,23.121988,113.328508,22.993702,113.289085,Arrive 华胜木制品厂充电站,10.06,27.6,69
8,53.8 分,2025-12-08 09:53:48,华胜木制品厂充电站,完成測試 @ 华胜木制品厂充电站,22.993702,113.289085,22.993702,113.289085,Test Complete,15.06,26.2,70
8,61.1 分,2025-12-08 10:01:06,华胜木制品厂充电站,金牛座卫星超能舱（广州南站万科中心）,22.993702,113.289085,22.984627,113.280657,Arrive 金牛座卫星超能舱（广州南站万科中心）,14.95,7.2,70
8,87.3 分,2025-12-08 10:27:18,金牛座卫星超能舱（广州南站万科中心）,完成測試 @ 金牛座卫星超能舱（广州南站万科中心）,22.984627,113.280657,22.984627,113.280657,Test Complete,19.95,26.2,71
8,117.3 分,2025-12-08 10:57:18,金牛座卫星超能舱（广州南站万科中心）,银辉综合楼充电站,22.984627,113.280657,22.963792,113.347662,Arrive 银辉综合楼充电站,19.49,30.0,71
8,143.5 分,2025-12-08 11:23:30,银辉综合楼充电站,完成測試 @ 银辉综合楼充电站,22.963792,113.347662,22.963792,113.347662,Test Complete,24.49,26.2,72
8,162.8 分,2025-12-08 11:42:48,银辉综合楼充电站,【开鑫】广州番禺东环街东沙村充电站,22.963792,113.347662,22.957794,113.362682,Arrive 【开鑫】广州番禺东环街东沙村充电站,24.33,19.3,72
8,189.1 分,2025-12-08 12:09:06,【开鑫】广州番禺东环街东沙村充电站,完成測試 @ 【开鑫】广州番禺东环街东沙村充电站,22.957794,113.362682,22.957794,113.362682,Test Complete,29.33,26.2,73
8,239.1 分,2025-12-08 12:59:06,【开鑫】广州番禺东环街东沙村充电站,广汽能源广州白云泓泰广场超充站,22.957794,113.362682,23.245222,113.256489,Arrive 广汽能源广州白云泓泰广场超充站,27.14,50.0,73
8,265.4 分,2025-12-08 13:25:24,广汽能源广州白云泓泰广场超充站,完成測試 @ 广汽能源广州白云泓泰广场超充站,23.245222,113.256489,23.245222,113.256489,Test Complete,32.14,26.2,74
8,286.4 分,2025-12-08 13:46:24,广汽能源广州白云泓泰广场超充站,永兴小学停车场充电站（二期）,23.245222,113.256489,23.266422,113.328772,Arrive 永兴小学停车场充电站（二期）,31.51,21.1,74
8,312.7 分,2025-12-08 14:12:42,永兴小学停车场充电站（二期）,完成測試 @ 永兴小学停车场充电站（二期）,23.266422,113.328772,23.266422,113.328772,Test Complete,36.51,26.2,75
8,319.2 分,2025-12-08 14:19:12,永兴小学停车场充电站（二期）,魔方新能源充电站,23.266422,113.328772,23.27244,113.33792,Arrive 魔方新能源充电站,36.44,6.5,75
8,345.4 分,2025-12-08 14:45:24,魔方新能源充电站,完成測試 @ 魔方新能源充电站,23.27244,113.33792,23.27244,113.33792,Test Complete,41.44,26.2,76
8,361.7 分,2025-12-08 15:01:42,魔方新能源充电站,广州秀水服务站,23.27244,113.33792,23.308606,113.303299,Arrive 广州秀水服务站,40.96,16.2,76
8,387.9 分,2025-12-08 15:27:54,广州秀水服务站,完成測試 @ 广州秀水服务站,23.308606,113.303299,23.308606,113.303299,Test Complete,45.96,26.2,77
8,513.7 分,2025-12-08 17:33:42,广州秀水服务站,广州 W 酒店,23.308606,113.303299,23.121988,113.328508,Day 8 End,44.48,125.8,77
